id,contenidos
CYD0107,"
& Introducción al dibujo técnico como lenguaje de comunicación 
&& Historia del dibujo técnico
&& El dibujo técnico como lenguaje de ingeniería
&& Instrumentos y herramientas de dibujo
& Conceptos normativos del dibujo técnico
&& Tipos de líneas
&& Rotulado
&& Formatos
&& Cajetín
&& Escalas
&& Distribución de un plano 
& Geometría descriptiva
&& Consideraciones fundamentales de la Geometría Descriptiva
&& Sistema de proyección y designación de vistas
&& Proyección del punto, el segmento y los planos en el espacio
&& Longitudes y dimensiones naturales
&& Características particulares de la representación de los Cuerpos Geométricos
&& Intersección de Cuerpos Geométricos
&& Desarrollos de cuerpos geométricos
& Proyecciones ortogonales
&& Criterios de selección de la vista frontal y la ubicación de las otras vistas
&& Selección de vistas mínimas para definir un objeto
& Proyecciones Axonométricas 
&& Axonometría isométrica
&& Axonometrías dimétricas
&& Construcción de proyección axonométrica a partir de proyecciones ortogonales
& Acotado
&& Conceptos normativos del acotado
&& Criterios para la acotación correcta de proyecciones ortogonales
&& Relación entre cota y escala
"
FPH0108,"
& Introducción a la ingeniería electromecánica
&& ¿Qué es la ingeniería electromecánica?
&& Historia y evolución de la ingeniería electromecánica
&& Importancia en la industria y la sociedad
&& Relación con otras disciplinas (mecánica, eléctrica, electrónica, aeronáutica, sistemas ciber físicos)
& El rol de la persona ingeniera electromecánica
&& Perfil profesional y competencias clave
&& Ética y responsabilidad en la ingeniería
&& Impacto social, ambiental y económico de la profesión
& Fundamentos de mecánica clásica
&& Leyes de Newton y análisis de fuerzas
&& Cinemática y dinámica de cuerpos rígidos
&& Energía mecánica y eficiencia
&& Aplicaciones en sistemas electromecánicos 
& Termodinámica y conversión de energía
&& Principios de la termodinámica
&& Ciclos termodinámicos
&& Aplicaciones en motores térmicos y sistemas de refrigeración
& Mecánica de fluidos y transferencia de calor
&& Principios de mecánica de fluidos: ecuación de continuidad y Bernoulli
&& Fundamentos de transferencia de calor: conducción, convección y radiación
&& Aplicaciones en sistemas térmicos y de refrigeración
& Principios de ingeniería eléctrica
&& Circuitos eléctricos básicos y leyes de Kirchhoff
&& Magnetismo y sus aplicaciones en transformadores y motores eléctricos
&& Generación, transmisión y distribución de energía
& Fundamentos de ingeniería electrónica y de  control
&& Conceptos básicos de circuitos electrónicos
&& Sensores y actuadores en sistemas electromecánicos
&& Introducción al control automático y sistemas embebidos
& Programación aplicada a la electromecánica para diseño y simulación
&& Introducción al modelado y simulación
&& Lenguajes comunes
&& Control de sistemas electromecánicos con programación
&& Simulación de sistemas simples
&& Aplicaciones en la industria
& Sistemas ciberfísicos y transformación digital
&& Definición y aplicaciones de sistemas ciber físicos
&& Internet de las cosas (IoT) en la ingeniería electromecánica
&& Gemelos digitales y manufactura inteligente
& Ingeniería Aeronáutica
&& Sistemas electromecánicos en aeronaves
&& Principios básicos de aerodinámica y propulsión
&& Electrificación y automatización en la aviación
& Energías renovables, eficiencia energética y sostenibilidad
&& Fuentes de energía tradicionales: hidráulica, geotérmica, térmica
&& Fuentes de energía no tradicionales: eólica, solar y oceánica
&& Almacenamiento de energía y baterías
&& Vehículos eléctricos
&& Diseño para la eficiencia energética en sistemas electromecánicos
&& Impacto ambiental y normativas de sustentabilidad
& Gestión y administración en ingeniería
&& Fundamentos de gestión de proyectos
&& Costos y presupuestos en ingeniería electromecánica
&& Estrategias clásicas y emergentes de mantenimiento industrial
& Desarrollo profesional y oportunidades laborales
&& Normativa nacional y responsabilidad profesional
&& Certificaciones y especializaciones clave
&& Sectores industriales y áreas de aplicación
&& Habilidades y competencias para el mercado laboral
& Seguridad en ingeniería electromecánica
&& Normas de seguridad eléctrica, mecánica y térmica
&& Protocolos de protección en instalaciones electromecánicas
&& Prevención de riesgos en la industria
& Tendencias y futuro de la ingeniería electromecánica
&& Transformación digital y manufactura inteligente
&& Inteligencia artificial aplicada a sistemas electromecánicos
&& Avances en materiales inteligentes y manufactura aditiva
&& Perspectivas futuras de la ingeniería electromecánica
"
AUT0205,"
& Introducción a las ciencias de la computación
&& Surgimiento de computación moderna
&& Campos de aplicación
&& Arquitectura de un sistema computacional
& Lenguajes de programación
&& Paradigmas de programación, tipos, diferencias.
&& Lenguajes de alto nivel interpretados
&& Lenguajes de alto nivel interpretados
&& Variables, tipos de datos y operadores
&& Representación digital de datos
& Estructuras de control
&& Condicionales
&& Bucles
&& Manejo de excepciones
&& Representación gráfica de las estructuras
& Estructuras de datos
&& Arreglos
&& Listas y tuplas 
&& Pilas y colas
&& Acceso a memoria y reserva de memoria
&& Punteros y aritmética de punteros
& Funciones y programación modular
&& Definición y uso de funciones
&& Modularización del código
&& Memoria temporal de las funciones
& Modelado con UML 
&& Introducción a UML
&& Diagramas de casos de uso
&& Diagramas de flujo
&& Diagrama de estados
&& Modelado de base de datos
& Algoritmos
&& Definición y características
&& Diseño y análisis de algoritmos
&& Algoritmos de ordenamiento y búsqueda
&& Implementación de máquinas de estado
&& Rendimiento y comparación según el orden de complejidad.
& Compiladores
&& Proceso de compilación
&& Fases de un compilador
"
IMM0207,"
& Introducción a la mecánica
&& Mecánica clásica (newtoniana), lagrangiana y hamiltoniana
&& Ramas de la mecánica
&& Cuerpos rígidos y cuerpos deformables
&& La estática en el contexto de la mecánica para ingeniería
& Equilibrio de una partícula
&& Condiciones para el equilibrio de una partícula
&& Diagrama cuerpo libre
&& Sistemas de fuerzas tridimensionales
& Centroides
&& Centro de gravedad, centro de masa y centroide de un cuerpo
&& Cuerpos compuestos
&& Teorema de Pappus y Guldinus
& Resultante de un sistema de fuerzas
&& Momento de una fuerza
&& Momento de una fuerza con respecto a un eje específico
&& Momento de un par
&& Simplificación de un sistema fuerza y par, fuerzas coplanares y reducción a una llave
&& Reducción de una carga distribuida a una puntual 
& Equilibrio de un cuerpo rígido
&& Condiciones para el equilibrio de un cuerpo rígido
&& Diagrama de cuerpo libre
&& Elementos a dos fuerzas y tres fuerzas
&& Restricciones y determinación estática
& Análisis estructural
&& Armaduras simples
&& Método de nodos
&& Elementos de fuerza cero
&& Método de secciones
&& Armaduras espaciales
&& Bastidores y máquinas
& Fuerzas internas
&& Cargas internas desarrolladas en elementos estructurales
&& Ecuaciones y diagramas de fuerza cortante y momento flexionante
&& Relaciones entre carga distribuida, fuerza cortante y momento flexionante
&& Cables
& Fricción
&& Características de la fricción seca
&& Cuñas
&& Tornillos
&& Bandas planas
&& Chumaceras y discos 
& Trabajo virtual
&& Definición de trabajo
&& Principio del trabajo virtual
&& Principio del trabajo virtual para un sistema de cuerpos rígidos conectados
"
IEE0303,"
& Conceptos y definiciones
&& Bandas de energía
&& Carga eléctrica
&& Corriente 
&& Voltaje
&& Resistencia eléctrica
&& Ley de Ohm
&& Potencia eléctrica
&& Energía
&& Elementos activos y pasivos
&& Corto circuito y circuito abierto
&& Fuentes dependientes e independientes
& Análisis de circuitos básicos.
&& Leyes de Kirchhoff
&& Elementos y circuitos en serie
&& Divisor de voltaje
&& Elementos y circuitos en paralelo
&& Divisor de corriente
&& Fuentes reales
& Técnicas para el análisis de circuitos complejos.
&& Análisis de mallas y supermallas
&& Análisis de nodos y supernodos
&& Superposición
&& Conversión de fuentes
&& Teoremas de Thévenin y Norton
&& Teorema de máxima transferencia de potencia
&& Conversión de delta-estrella y estrella-delta
&& Circuitos Puente (H, Wheatstone, celda de carga)
& Bobinas y condensadores
&& Definición de elementos almacenadores de energía
&& Fundamentos de condensadores y bobinas
&& Arreglo de elementos en serie y paralelo
&& Respuesta natural y forzada
&& La función de singularidad
&& Circuitos de primer orden RL y RC
&& Circuitos de segundo orden RLC en serie y paralelo
& Fundamentos de la transformada de Laplace
&& Definición de la transformada de Laplace
&& Propiedades de la transformada de Laplace
&& Definición de elementos en el dominio “s”
&& Análisis de circuitos RLC en estado transitorio y estable
"
IEE0304,"
& Empleo y lectura de instrumentos de medición eléctrica para corriente y voltaje
& Resistencia y resistividad
& Circuitos en serie y en paralelo
& Taller de simulación de circuitos
& Análisis de mallas y teorema de superposición
& Teoremas de Thévenin y máxima transferencia de potencia
& Análisis de elementos almacenadores de energía: bobinas y condensadores
& Análisis de la carga y descarga de condensadores en circuitos de corriente directa
& Configuraciones en serie y paralelo de bobinas y condensadores
& Respuesta transitoria en circuitos RL y RC
& Análisis de circuitos RLC de segundo orden
"
IEE0305,"
& Conceptos básicos
&& Señales, estímulos y sistemas
&& Modelos y simulaciones
&& Sensores, actuadores y transductores
&& Clasificaciones
& Características de los transductores 
&& Función de transferencia
&& Entrada y salida a escala completa
&& Exactitud y precisión
&& Repetibilidad y reproducibilidad
&& Histéresis y no linealidad
&& Saturación y banda muerta
&& Resolución
&& Impedancia de salida
&& Excitación
&& Características dinámicas 
&& Confiabilidad e incertidumbre
& Transductores térmicos
&& Bimetales
&& Termoresistivos
&& Termoeléctricos
&& Termomecánicos
&& Inductivos y microondas para calentamiento
& Transductores ópticos
&& Fotoconductores
&& Fotodiodos 
&& Fototransistores
&& Fotovoltaicos
&& Piroeléctricos y termopilas para radiación térmica
& Transductores eléctricos y magnéticos
&& Capacitivos
&& Magnetrostrictivos
&& Piezoelectricos
&& Piezoresistivos
&& Efecto Hall
&& Motores
&& Solenoides
& Transductores acústicos
&& Micrófonos e hidrófonos
&& Parlantes
&& Ultrasónicos
& Transductores químicos
&& Electroquímicos
&& Potenciométricos
&& Termoquímicos
& Transductores de radiación
&& Ionizante
&& Microondas
& Transductores MEMS
&& Métodos de fabricación
&& Unidades de medición inercial (IMU)
&& Sensores de presión
&& Micrófonos 
&& Interruptores ópticos
& Interfaces de los transductores
&& Amplificadores operacionales
&& Amplificadores de potencia
&& PWMs para actuadores
&& Convertidores A/D y D/A
&& Puentes
&& Transmisión de datos
&& Excitadores
&& Ruido e interferencia
"
IMM0307,"
& Cinemática de Partículas
&& Cinemática del movimiento rectilíneo
&& Cinemática del movimiento curvilíneo
&& Movimiento dependiente absoluto y relativo de dos o más partículas
& Cinética de partículas y sistemas de partículas
&& Segunda Ley de Newton
&& Métodos de trabajo y energía
&& Principio del Impulso y cantidad de movimiento
& Cinemática del movimiento plano de cuerpos rígidos 
&& Traslación pura
&& Rotación en torno a un eje fijo
&& Movimiento plano general
&& Análisis del movimiento relativo
&& Sistemas de referencia en rotación
& Cinética del movimiento plano de cuerpos rígidos 
&& Segunda Ley de Newton
&& Métodos de trabajo y energía
&& Principio del Impulso y cantidad de movimiento
& Vibraciones mecánicas    
&& Vibración libre no amortiguada
&& Vibración forzada no amortiguada
&& Vibración libre amortiguada 
&& Vibración forzada amortiguada 
&& Métodos de Energía
"
IEE0403,"
& Conceptos y Definiciones
&& Representación fasorial y vectorial de tensiones, corrientes, impedancias y admitancias
& Análisis de circuitos básicos
&& Leyes de Kirchhoff en estado estable
&& Elementos y circuitos en serie
&& Divisor de voltaje
&& Elementos y circuitos en paralelo
&& Divisor de corriente
&& Transformación de fuentes tensión y corriente
&& Linealidad y superposición de tensiones y corrientes, cálculo de potencia
& Técnicas para el análisis de circuitos complejos
&& Análisis de mallas y supermallas
&& Análisis de nodos y supernodos
&& Superposición
&& Conversión de fuentes
&& Teoremas de Thévenin y Norton
&& Teorema de máxima transferencia de potencia
& Potencia Eléctrica
&& Cálculo del valor efectivo
&& Potencia instantánea y promedio. 
&& Definición de potencias reactiva, aparente y real. 
&& Concepto del Factor de potencia y su relación con cargas lineales
&& Corrección del Factor de potencia
&& Cálculo de potencia promedio en señales senoidales compuestas
& Circuito monofásico trifilar
&& Concepto de circuitos polifásicos y su extensión a redes monofásicas 
&& Definición de redes simétricas (fuentes balanceadas)
&& Esquemas de corrección del FP en circuitos monofásicas
& Respuesta en frecuencia
&& Teorema de Euler y el concepto de frecuencia compleja
&& Operador s en circuitos RLC y su relación con la transformada de Laplace
&& Función de transferencia, relaciones de impedancia, admitancia y ganancias de tensión o corriente
&& Diagramas de Bode y representación en el plano complejo
&& Análisis de función de transferencia, ganancia, ceros y polos. Atenuación y decibelios
&& Filtros pasivos, ancho de banda, banda rechazada, frecuencia de corte, frecuencia central, factor de calidad
&& Resonancia serie, paralelo, resonancia compuesta en circuitos RLC
& Series de Fourier
&& Definición. Relación con el valor efectivo y potencia promedio
&& Concepto de contenido armónico, efecto de filtros en el contenido armónico
&& Distorsión armónica total (THD)
&& Relación del THD con el valor efectivo y el factor de potencia desplazado (FPD) en redes a 60Hz
& Redes bipuertos
&& Concepto de redes de dos puertos
&& Parámetros de Impedancia, Admitancia, Híbridas y Transmisión
&& Modelado y aplicación
"
IEE0404,"
& Taller del osciloscopio digital y el generador de señales
& Valores eficaces
& Circuito RLC serie excitación senoidal
& Circuitos mixtos RLC en corriente alterna
& Mejoramiento del factor de potencia
& Contenido armónico y filtros RLC
& Respuesta de frecuencia y resonancia en RLC
& Circuito monofásico trifilar y cálculo de Potencia 
& Análisis del factor de potencia y su relación con cargas lineales
& Corrección del factor de potencia en circuitos monofásicos
& Análisis experimental de un circuito monofásico trifilar
& Cálculo de potencia promedio en señales senoidales compuestas
"
IEE0405,"
& Sistemas de adquisición de datos
&& Arquitectura básica
&& Transductores analógicos y digitales
&& Acondicionamiento de señales
&& A/D: muestreo, cuantización y codificación
&& D/A: decodificación y filtrado
&& Interfaz de transductores con DAQs y microcontroladores
& Instrumentos virtuales
&& Estructuras de datos
&& Estructuras de ejecución
&& Máquinas de estados
&& Guardado de archivos
&& Interfaces gráficas
&& Comunicación serial y USB
&& Control de instrumentos externos
& Simbología y metrología de instrumentación
&& Norma ISA 5.1
&& Calibración y trazabilidad
&& Verificación y validación
&& Propagación de incertidumbres
&& Guía para la Expresión de la Incertidumbre en la Medición (GUM)
"
IMM0407,"
& Conceptos y definiciones
&& Definición de la termodinámica
&& Sistemas y volúmenes de control
&& Propiedades y estado de una sustancia
&& Procesos y ciclos termodinámicos
& Energía y transferencia de energía
&& Formas de energía
&& Transferencia de energía por calor, trabajo y masa
& Propiedades de una sustancia
&& Estados de agregación
&& Tablas de propiedades termodinámicas
&& Diagramas de fases
&& Sustancias puras y mezclas
& Trabajo y calor
&& Definición y formas de trabajo
&& Cálculo del trabajo en procesos termodinámicos
&& Transferencia de calor y mecanismos
& Primera ley de la termodinámica
&& Balance de energía en sistemas cerrados
&& Aplicaciones en sistemas abiertos
&& Aplicaciones en procesos cíclicos
& Segunda ley de la termodinámica
&& Principios de reversibilidad e irreversibilidad
&& Concepto de eficiencia térmica
&& Principio de Carnot y su implicación
& Entropía
&& Definición y propiedades
&& Entropía en procesos reversibles e irreversibles
&& Segunda ley en términos de entropía
& Ciclos de generación
&& Ciclo de Carnot
&& Ciclos de potencia de vapor y gas
&& Ciclos de refrigeración
"
ADD0502,"
& Fundamentos de estadística aplicada
&& Introducción a la estadística en ingeniería
&& Tipos de datos y escalas de medición
&& Organización y presentación de datos
&& Medidas de tendencia central
&& Medidas de dispersión 
& Fundamentos de probabilidad para Diseño de Experimentos
&& Concepto de variabilidad y aleatoriedad
&& Distribución normal
&& Distribución t-Student
&& Distribución chi-cuadrado
&& Distribución Weibull
&& Uso de tablas estadísticas y software para cálculos
& Análisis exploratorio de datos
&& Histogramas, boxplots y gráficos de dispersión
&& Identificación de valores atípicos y tendencias
&& Correlación y regresión lineal simple
&& Análisis de relaciones entre variables
& Pruebas de hipótesis y comparación de medias
&& Pruebas de normalidad y teorema del límite central
&& Concepto de prueba de hipótesis y errores tipo I y II
&& Pruebas de hipótesis para la media de una población
&& Comparación de dos medias
&& Pruebas de hipótesis para la varianza
& Diseño de Experimentos y Análisis de Varianza (ANOVA)
&& Introducción al diseño de experimentos
&& Diseño completamente aleatorizado
&& Diseño en bloques
&& Análisis de varianza (ANOVA) de un solo factor
&& Aplicaciones del ANOVA en ingeniería
& Regresión y modelado estadístico
&& Regresión lineal simple y múltiple
&& Supuestos del modelo de regresión
&& Evaluación de la bondad del ajuste
&& Aplicaciones en ingeniería
& Aplicación de Software para el Análisis de Datos
&& Introducción a herramientas estadísticas
&& Generación de gráficos y tablas descriptivas
&& Implementación de pruebas de hipótesis
&& Modelado de datos y regresión
"
IEE0503,"
& Introducción a los sistemas analógicos
&& Conceptos básicos de sistemas analógicos
&& Diferencias entre sistemas analógicos y digitales
& Aplicaciones de los sistemas analógicos
&& Características y funcionamiento de los amplificadores operacionales
&& Analisis de amplificadores operacionales
&& Topologías más utilizadas: inversor, no inversor, sumador, restador
&& Aplicaciones prácticas de amplificadores operacionales
& Dispositivos electrónicos
&& Características y operación de BJT, MOSFET, IGBT, SCR, TRIAC
&& Selección de dispositivos para aplicaciones específicas
&& Ejemplos de circuitos con estos dispositivos
& Reguladores de voltaje y comparadores
&& Reguladores de voltaje lineales y conmutados
&& Comparadores y sus aplicaciones
&& Diseño de circuitos con reguladores y comparadores
& Convertidores 
&& Convertidores analógico-digital (ADC) y digital-analógico (DAC)
&& Convertidores V/F y V/I
&& Integración de sensores en sistemas analógicos
& Circuitos integrados especiales
&& Uso del CI 555 en aplicaciones de temporización y oscilación
&& Diseño de circuitos con DAC, ADC y otros CI especiales
&& Ejemplos prácticos y simulaciones
& Electrónica de potencia
&& Introducción a la electrónica de potencia
&& Aplicaciones de dispositivos de potencia en sistemas analógicos
&& Diseño de circuitos de potencia
"
AUT0504,"
& Introducción y modelado de sistemas
&& Definición de modelo y sistema
&& Respuesta de modelos lineales
& Transformada de Laplace 
&& Teoremas de la transformada de Laplace
&& Transformada inversa
&& Solución de ecuaciones lineales invariantes en el tiempo
& Modelos por espacio de estado
&& Estado
&& Trasformación entre espacio de estados y otras representaciones
&& Observabilidad
&& Controlabilidad
& Modelado matemático
&& Sistemas mecánicos,
&& Sistemas eléctricos
&& Sistemas térmicos
&& Sistemas hidráulicos
&& Diagramas de bloques
&& Diagramas de flujo 
&& Linealización de modelos no lineales
& Análisis de la respuesta de los modelos
&& Respuesta transitoria y estacionaria en dominio del tiempo y frecuencia
&& Evaluación de modelos
& Métodos numéricos para la simulación de sistemas
&& Errores asociados a la simulación
& Identificación de sistemas en el dominio del tiempo
&& Definiciones: curvas de reacción, sistemas autorregulados y no autorregulados
&& Modelos utilizados en la identificación: modelos integradores, modelos de primer orden más tiempo muerto, modelos de segundo orden más tiempo muerto sobreamortiguados, modelos de segundo orden más tiempo muerto subamortiguados.
&& Métodos de identificación experimental: métodos de recta tangente, métodos de dos puntos, métodos de tres puntos, métodos por minimización de una función de error de predicción
&& Obtención de la curva de reacción de un sistema: consideraciones prácticas, caso particular, sistemas de múltiples entradas y múltiples salidas
& Introducción a las redes nueronales para el modelado de sistemas
& Introducción a la lógica difusa para el modelado de sistemas
"
IMM0506,"
& Introducción
&& Tipos de materiales
&& Propiedades típicas de los materiales
&& Uso de los materiales
& Normas internacionales sobre materiales
&& American Society for Testing and Materials (ASTM): Acero estructural al carbono (ASTM A36), acero inoxidable (ASTM AISI 304/316), aluminio (ASTM B209)
&& International Organization for Standardization (ISO): Aceros para herramientas (ISO 4957), aluminio y aleaciones de aluminio (ISO 209), plásticos (ISO 1043)
&& American Society of Mechanical Engineers (ASME): materiales ferrosos (ASME II Part A), materiales no ferrosos (ASME II Part B), tablas de propiedades (ASME II Part D)
& Análisis de materiales
&& Pruebas mecánicas normalizadas (ASTM y ISO)
&& Ensayos no destructivos
&& Análisis metalográfico
& Estructura atómica, enlaces, cristalinidad y difusión
&& Enlaces
&& Redes espaciales
&& Sistemas cristalinos
&& Imperfecciones cristalinas
&& Mecanismos de difusión
&& Diagramas de fases
& Materiales metálicos
&& Propiedades de los materiales metálicos
&& Soluciones sólidas, compuestos y mezclas
&& Diagrama Fe-C
&& Características de las aleaciones Fe-C en función de los elementos de aleación
&& Fundiciones
&& Tratamientos térmicos y termoquímicos
&& Aleaciones no ferrosas (cobre, aluminio)
&& Disponibilidad en el país
& Materiales cerámicos
&& Propiedades
&& Procesos de fabricación
&& Tipos
&& Cerámicos refractarios
&& Vidrios
&& Disponibilidad en el país
& Materiales poliméricos
&& Introducción y clasificación
&& Polimerización (adición y condensación)
&& Polímeros termoplásticos
&& Polímeros termoestables
&& Elastómeros (el caucho)
&& Aditivos y conformado de los polímeros
&& Disponibilidad en el país
& Materiales compuestos
&& Propiedades y características
&& Análisis tenso-elástico
&& Matrices y fibras
&& Disponibilidad en el país
& Otros materiales
&& Semiconductores
&& Hormigón
&& Asfalto
&& Madera
&& Papel
&& Disponibilidad en el país
"
IMM0507,"
& Introducción a la manufactura
&& Definición e importancia de la manufactura
&& Relación con la ingeniería electromecánica
&& Materiales
&& Tendencias de la manufactura moderna (transformación digital, manufactura digital, automatización)
& Procesos de manufactura
&& Procesos de conformado: fundición, forja, laminado, estampado, extrusión, inyección y moldeo, trefilado
&& Procesos de maquinado: torneado, fresado, taladrado, rectificado
&& Procesos de unión: soldadura por arco eléctrico y protección gaseosa, soldadura laser, soldadura por ultrasonido, remachado, adhesivos industriales
&& Procesos de corte: troquelado, cizallado, por plasma, electroerosionado, por chorro de agua, corte laser
&& Procesos de manufactura aditiva: deposición fundida (FDM), sinterizado láser selectivo (SLS), fusión selectiva por láser (SLM), impresión por inyección de aglutinante
& Automatización en manufactura
&& CNC y su programación básica (lenguajes de programación)
&& Robótica en manufactura
&& Celdas de manufactura
& Metrología dimensional
&& Metrología de contacto: calibrador Vernier, micrómetro, reloj comparador, máquina de medición por coordenadas (CMM), galgas de espesores y bloques patrón
&& Metrología sin contacto: interferometría láser, escaneo 3D, microscopía óptica, perfilómetro óptico
&& Tolerancias geométricas y dimensionales
&& Medición de rugosidades y acabados superficiales
&& Control estadístico de procesos (CEP)
& Diseño para manufactura y ensamblaje (DFMA)
&& Principios de diseño para manufactura
&& Costos y optimización en el diseño de productos
&& Manufacturabilidad y ensamblabilidad
& Micromanufactura 
&& Semiconductores y silicio
&& Crecimiento de cristales y preparación de obleas
&& Deposición de películas
&& Litografía
&& Grabado
&& Unión de cables y empaquetado
&& Placas de circuitos impresos
& Manufactura sostenible
&& Impacto ambiental y estrategias de manufactura verde
&& Reciclaje y reutilización de materiales
&& Eficiencia energética en procesos de manufactura
"
ADD0602,"
& Introducción a la fiabilidad, disponibilidad, mantenibilidad y seguridad (RAMS) en sistemas electromecánicos
&& Conceptos clave de fiabilidad, disponibilidad, mantenibilidad y seguridad (RAMS)
&& Importancia del análisis RAMS en la ingeniería electromecánica
&& Indicadores y métricas de desempeño de sistemas
& Métodos estadísticos aplicados a la confiabilidad
&& Distribuciones de probabilidad utilizadas en confiabilidad: exponencial, normal, Weibull
&& Estimación de parámetros estadísticos y análisis de datos de fallos
&& Introducción a la prueba de hipótesis y análisis de tendencia en confiabilidad
& Análisis de Modos y Efectos de Fallo (FMEA) y Análisis de Árbol de Fallos (FTA)
&& Metodología FMECA: identificación y priorización de fallos
&& Análisis de criticidad y cálculo del RPN (Risk Priority Number)
&& Construcción y aplicación del Análisis de Árbol de Fallos (FTA)
&& Factores que afectan la confiabilidad y vida útil de los componentes
& Análisis Weibull y estimación de vida útil de componentes
&& Principios del análisis Weibull y su aplicación en confiabilidad
&& Estimación de parámetros $\beta$ y $\eta$ para predecir vida útil
&& Análisis de datos de fallos en el contexto industrial
& Modelos de confiabilidad para sistemas en serie, paralelo y redundancia
&& Modelos de confiabilidad en sistemas simples y complejos
&& Cálculo de confiabilidad en configuraciones en serie y en paralelo
&& Estrategias de redundancia para mejorar la disponibilidad de sistemas
& Estrategias de mantenimiento: correctivo, preventivo, predictivo y basado en condición
&& Diferencias y aplicaciones de mantenimiento correctivo, preventivo y predictivo
&& Criterios de selección de estrategias de mantenimiento
&& Análisis de costos y beneficios de cada enfoque
& Optimización de planes de mantenimiento y análisis costo-beneficio
&& Estrategias para optimizar programas de mantenimiento
&& Métodos de análisis costo-beneficio en confiabilidad y disponibilidad
& Planificación de contingencias y resiliencia en sistemas electromecánicos
&& Estrategias de continuidad operativa y gestión de crisis
&& Diseño de planes de contingencia y recuperación ante fallos
& Métodos de análisis de seguridad y normativas internacionales
&& Principales normativas en seguridad industrial y confiabilidad
&& Métodos de análisis de seguridad: HAZOP, LOPA, Bow-Tie
&& Implementación de planes de seguridad en la industria
"
IEE0604,"
& Introducción a los Sistemas Digitales
&& Conceptos básicos
&& Diferencias entre sistemas digitales y analógicos
& Reducción de expresiones booleanas
&& Álgebra de Boole
&& Teoremas y postulados
&& Variables y funciones booleanas
&& Simplificación de funciones booleanas
&&	Mapas de Karnaugh
&&&	Mapas cícliclos, semi-cíclicos
&&&	Mapas de variable ingresada
&&	Suma de productos y Producto de Sumas
& Circuitos Combinacionales
&& Puertas lógicas básicas (AND, OR, NOT, NAND, NOR, XOR, XNOR)
&& Diseño y análisis de circuitos combinacionales
&& Sumadores y restadores
&& Multiplexores (MUX)
&& Demultiplexores (DEMUX)
&& Codificadores y decodificadores (ENCODERS y DECODERS)
& Circuitos Secuenciales
&& Conceptos de memoria y almacenamiento
&& Flip-Flops (SR, D, JK, T)
&& Contadores y registros
&& Máquinas de estados finitos (FSM)
&& Maquinas de Mealy / Moore
& Elementos de Memoria
&& Tipos de flip-flops y sus aplicaciones
&& Diseño de registros y contadores
&& Memorias RAM y ROM
& Unidad Aritmética y Lógica (ALU)
&& Diseño y funcionamiento de una ALU
&& Operaciones aritméticas y lógicas
& Lenguaje de Descripción de Hardware (VHDL)
&& Introducción a VHDL
&& Modelado de circuitos combinacionales y secuenciales en VHDL
&& Simulación y síntesis de diseños en VHDL
& FPGAs (Field-Programmable Gate Arrays)
&& Introducción a las FPGAs
&& Tipos de FPGAs y sus aplicaciones
&& Arquitectura interna de una FPGA
&& Ventajas y desventajas de las FPGAs
& Programación de FPGAs con VHDL
&& Diseño del circuito en VHDL
&& Simulación y verificación del diseño
&& Síntesis y generación del bitstream
&& Implementación y programación en la FPGA
"
IMM0605,"
& Introducción a la mecánica de materiales
&& Materiales en ingeniería
&& Concepto de esfuerzo normal, tangencial y de aplastamiento
&& Concepto de deformación
&& Consideraciones de diseño: resistencia de los materiales, factor de seguridad y criterios de selección
& Deformación
&& Concepto de deformación
&& Deformación unitaria
& Propiedades mecánicas de los materiales
&& Ensayos de tensión y compresión
&& Diagrama de esfuerzo–deformación
&& Comportamiento del esfuerzo y deformación de los materiales dúctiles y frágiles.
&& Energía de deformación
&& Relación de Poisson
&& Diagrama de esfuerzo-deformación cortante
&& Falla de materiales por flujo plástico y fatiga
& Carga axial
&& Principio de Saint-Venant
&& Deformación elástica de un cuerpo cargado axialmente
&& Principio de superposición
&& Elementos cargados axialmente y estáticamente indeterminados
&& Métodos de las fuerzas para el análisis de elementos cargados axialmente
&& Esfuerzo térmico
&& Concentraciones de esfuerzo
& Torsión
&& Deformación por torsión de un eje circular
&& Fórmula de la torsión
&& Transmisión de potencia
&& Ángulo de giro
&& Elementos cargados con pares de torsión estáticamente indeterminados
&& Ejes sólidos no circulares
&& Tubos de pared delgada con secciones transversales cerradas
&& Concentración del esfuerzo
& Flexión
&& Diagramas de cortante y momento
&& Método gráfico para la construcción de diagramas de fuerza cortante y momento
&& Deformación flexionante de un elemento recto
&& La fórmula de la flexión
&& Flexión asimétrica
&& Vigas compuestas
&& Vigas curvas
&& Concentraciones de esfuerzo
& Fuerza cortante transversal
&& Fuerza cortante en elementos rectos
&& Fórmula de esfuerzo cortante
&& Flujo cortante en elementos compuestos
&& Flujo cortante en elementos de pared delgada
&& Centro cortante para elementos abiertos de pared delgada
& Cargas combinadas
&& Recipientes de pared delgada sometidos a presión
&& Estado de esfuerzo causado por cargas combinadas
& Transformación de esfuerzos
&& Transformación del esfuerzo plano
&& Ecuaciones generales de la transformación del esfuerzo plano
&& Esfuerzos principales y esfuerzo cortante máximo en el plano
&& Círculo de Mohr – el esfuerzo plano
&& Esfuerzo cortante máximo absoluto
& Transformación de deformaciones
&& Teorías de falla de materiales dúctiles 
&& Teorías de falla de materiales frágiles
& Diseño de vigas y ejes
&& Fundamentos para el diseño de vigas
&& Diseño de una viga prismática
&& Vigas completamente esforzadas
&& Diseño de ejes
& Deflexión de vigas y ejes
&& La curva elástica
&& Pendiente y desplazamiento por integración
&& Funciones de discontinuidad
&& Pendiente de desplazamiento por el método del área de momento
&& Método de superposición
&& Métodos de análisis de vigas y ejes estáticamente indeterminados
& Pandeo de columnas
&& Carga crítica
&& Columna ideal con soportes de pasador
&& Columnas que tienen varios tipos de soporte
&& La fórmula de la secante
&& Pandeo inelástico
&& Diseño de columnas para cargas concéntricas
&& Diseño de columnas para cargas excéntricas
& Métodos de Energía
&& Trabajo externo y energía de deformación
&& Energía de deformación elástica para distintos tipos de carga
&& Conservación de la energía
&& Carga de impacto
&& Principio del trabajo virtual
&& Método de las fuerzas virtuales aplicadas a las cerchas
&& Método de las fuerzas virtuales a vigas
&& Teorema de Castigliano aplicado a armadura y vigas
"
IMM0607,"
& Fluidos y sus propiedades
&& Definición de fluido
&& Propiedades físicas: densidad, viscosidad, presión, temperatura
&& Clasificación de los fluidos (ideales, reales, compresibles e incompresibles)
& Estática de fluidos
&& Presión en un fluido en reposo
&& Principio de Pascal y principio de Arquímedes
&& Manometría y medición de presión
&& Equilibrio de cuerpos sumergidos y flotación
& Cinemática de fluidos (fluidos en movimiento)
&& Descripción del movimiento de los fluidos
&& Líneas de corriente, trayectoria y líneas de emisión
&& Régimen de flujo: laminar y turbulento
&& Ecuación de continuidad
& Dinámica de fluidos (principios de energía)
&& Principio de Bernoulli y su aplicación
&& Ecuación general de la energía
&& Flujo potencial y circulación
&& Concepto de esfuerzo cortante en flujo
& Flujo en tuberías
&& Análisis del flujo interno
&& Tipos de flujo en tuberías
&& Ecuación de Darcy-Weisbach
&& Medición de flujo en tuberías
& Pérdidas de energía debido a la fricción
&& Pérdidas primarias y secundarias
&& Factores que afectan la fricción
&& Diagramas de Moody
&& Cálculo de pérdidas de carga
& Sistemas de tuberías
&& Redes de tuberías en paralelo y en serie
&& Bombeo y selección de bombas
&& Golpe de ariete y su control
&& Aplicaciones en sistemas industriales
& Análisis computacional de fluidos
&& Introducción a la dinámica de fluidos computacional (CFD)
&& Modelado y simulación de flujos
&& Métodos numéricos en mecánica de fluidos
&& Aplicaciones en ingeniería
"
IMM0608,"
& Laboratorio de propiedades de los fluidos
& Laboratorio de ley de Stokes y cálculo de viscosidad
& Laboratorio de medición de presión mediante manómetros
& Laboratorio de métodos para medir caudal y flujo másico en aire y agua
& Laboratorio de estudio experimental del principio de Bernoulli
& Laboratorio de análisis de tanques hidroneumáticos
& Laboratorio de regímenes de flujo: laminar y turbulento
& Laboratorio de pérdidas de carga en tuberías, accesorios y válvulas
"
CYD0609,"
& Introducción al dibujo industrial
&& Ramas del dibujo industrial
&& El dibujo en el contexto de la ingeniería electromecánica
& Cortes y secciones 
&& Concepto de cortes y secciones
&& Achurado
&& Tipos de cortes
&& Tipos de secciones
& Vistas auxiliares
&& Concepto de vistas auxiliares
&& Tipos de vistas auxiliares
&& Ubicación de las vistas auxiliares
&& Elementos desplazados
& Ajustes y tolerancias mecánicos
&& Ajustes mecánicos
&& Tolerancias de dimensión
&& Tolerancias geométricas de forma y posición
& Rugosidad y acabados superficiales de piezas mecánicas
&& Parámetros relacionados con la rugosidad
&& Criterio para la selección de la rugosidad
&& Representación de la rugosidad
&& Acabados superficiales
& Uniones mecánicas
&& Uniones roscadas
&& Uniones remachadas
&& Uniones soldadas
&& Lengüetas, chavetas y pasadores
&& Unión por pegadura (adhesivos)
& Conjuntos mecánicos
&& Representación de elementos mecánicos estandarizados
&& Representación de bujes y rodamientos
&& Representación de elementos para la transmisión de torque
&& Especificación de conjuntos mecánicos
&& Planos de fabricación
& Instalaciones electromecánicas
&& Instalaciones eléctricas
&& Instalaciones de transporte y almacenamiento de fluidos
&& Instalaciones mecánico-sanitarias
&& Instalaciones de climatización (HVAC: Heating, Ventilation, and Air Conditioning)
"
IEE0702,"
& Sistema monofásico
&& Cargas resistivas, inductivas y capacitivas 
&& Cálculo de la corriente en el neutro
& Sistemas trifásicos
&& Principio de generación 
&& Tensiones trifásicas balanceadas 
&& Tipos de circuitos trifásicos 
&& Generador trifásico en estrella 
&& Tensiones de línea y de fase 
&& Desfase entre línea y fase 
&& Secuencia de fase 
&& Corrientes de línea y fase 
&& Conexiones en cargas balanceadas y desbalanceadas
& Potencia monofásica y trifásica
&& Sistemas balanceados y desbalanceados
&& Potencia activa, reactiva y aparente (triángulo de potencias) 
&& Medición del factor de potencia
&& Mejoramiento de factor de potencia
& Estructuras ferromagnéticas excitadas en corriente directa
&& Propiedades de los materiales ferromagnéticos
&& Teoría de los dominios ferromagnéticos
&& Curvas de magnetización
&& Lazo de histéresis, flujo residual y fuerza coercitiva
&& El concepto del circuito magnético, fuerza magnetomotriz, reluctancia y permeancia magnética
&& Métodos de análisis de circuitos ferromagnéticos
&& Entrehierros en circuitos ferromagnéticos
&& Estructuras ferromagnéticas, con varias bobinas de excitación
&& Circuitos magnéticos, con saturación magnética
& Estructuras ferromagnéticas excitadas en corriente alterna
&& Ley de inducción electromagnética de Faraday
&& Relaciones entre tensión aplicada, tensión inducida y flujo magnético
&& Forma de onda de la corriente de excitación
&& Energía almacenada en el núcleo ferromagnético
&& Pérdida de energía en el núcleo ferromagnético
&& Modelo de la corriente de excitación no senoidal, armónicas impares
&& Cálculo de los parámetros de un reactor con núcleo ferromagnético
& Transformadores monofásicos
&& Tipos de transformadores de distribución. aéreos, subterráneos, sumergibles, convencionales y de pedestal
&& El transformador ideal
&& Polaridad de los transformadores
&& Transformadores aditivos y sustractivos
&& El transformador real: núcleos laminados, flujos de dispersión, y pérdidas en el núcleo
&& Circuito del transformador real y diagramas fasoriales
&& Cálculo de parámetros del transformador real
&& Regulación de tensión del transformador
&& Eficiencia, y eficiencia máxima del transformador
&& Sistema en por unidad
&& Datos de placa
&& Autotransformador
&& Conexión en paralelo de transformadores. Intercambiador de derivaciones (tomas regulables bajo carga
& Transformadores trifásicos
&& Conexiones simétricas: estrella-estrella, delta-delta, delta-estrella, estrella-delta, estrella-zigzag
&& Conexión en paralelo. Índice horario
&& Conexiones asimétricas: estrella renca - delta abierta, conexión en T, conexión de Scott
&& Datos de placa
&& Autotransformador
&& Transformadores de tres devanados
& Motor trifásico de inducción
&& Principio de funcionamiento
&& Ley de Ampere
&& Ley de Faraday-Lenz
&& Fuerza de Lorentz
&& Construcción de las partes principales de una máquina eléctrica rotativa
&& Velocidad del campo magnético rotatorio, velocidad mecánica, deslizamiento y frecuencia en el rotor
&& Circuito equivalente
&& Par desarrollado en función del deslizamiento
&& Curva característica: arranque directo
&& Descripción de datos de la placa característica
&& Métodos de arranque por resistencias estatóricas, estrella-delta, devanado partido, auto transformador, resistencia rotórica y arranque suave
&& Métodos de control de velocidad y variador de frecuencia
&& Pérdidas eléctricas, mecánicas, magnéticas y eficiencia
& Motor monofásico de inducción
&& Construcción y modelado dinámico de la máquina
&& Principio de funcionamiento (doble campo magnético rotatorio):
&& Tipos de motores:
&& Fase partida
&& Capacitor de arranque
&& Capacitor permanente
&& Doble capacitor
&& Polos sombreados
& Generador de inducción trifásico, auto-excitado
&& Tipos de generadores de inducción
&& Circuito equivalente
&& Capacitor de excitación
&& Desempeño del generador, conectado a una red de potencia infinita
&& Desempeño del generador, conectado en forma aislada
"
AUT0704,"
& Introducción a los sistemas de control 
&& Conceptos básicos: Lazo abierto, Lazo cerrado, Realimentación, Estabilidad
&& Objetivos: Análisis de sistemas y Diseño de controladores
&& Ejemplos de sistemas de control 
&& Definición de dominios de frecuencia y tiempo
& Análisis de sistemas en el dominio temporal 
&& Entradas del sistema  
&& Sistemas de primer orden 
&& Sistemas de segundo orden 
&& Sistemas de orden superior  
&& Tipo de sistemas 
&& Estabilidad 
&& Diseño de controladores en el dominio temporal 
&& Diseño de controladores mediante el lugar de raíces
&& Compensación de adelanto
&& Compensación de retraso
&& Compensación de retraso-adelanto
& Análisis de sistemas en el dominio de la frecuencia 
&& Representación de Funciones de Transferencia en el Dominio de la frecuencia
&& Diagrama de Bode
&& Diagrama Polar
&& Lugar de las raíces. 
&& Criterio de Estabilidad de Nyquist
&& Estabilidad Relativa: márgenes de fase y de ganancia
&& Especificaciones en frecuencia de los sistemas: ancho de banda, resonancia
&& Sistemas de segundo orden. Relación respuesta temporal y en frecuencia
&& Respuesta en frecuencia en Lazo Cerrado. Diagrama de Nichols
&& Determinación Experimental de Funciones de Transferencia: método, casos especiales, consideraciones prácticas
& El controlador PID 
&& Estructura del controlador: Elementos básicos, propiedades y diferentes representaciones
&& Controlador Proporcional, definición, usos y propiedades
&& Controlador Integral, definición, usos y propiedades
&& Controlador Derivativo, definición, usos y propiedades
&& Controladores PI, PD, PID, definición, usos y propiedades
&& Implementación Digital
&& Forma incremental
&& Errores de cuantización
&& Utilización del PID
&& PIDs comerciales
&& Métodos de sintonía experimentales y analíticos
& Análisis y diseño de sistemas de control  en el espacio de estados
&& Representaciòn en espacion de estado
&& Transformación de modelos 
&& Controlabilidad y Observabilidad
&& Diseño de controladores en espacio de estados
&& Diseño de servo sistemas en espacio de estados
&& Observadores de estado
&& Diseño de reguladores y controladores con observadores
& Implementación real de los sistemas de control 
&& Control Analógico: circuitos electrónicos de control, filtrado analógico de ruido
&& Transformada z
&& Control Digital: estructura, discretización del controlador, periodo de muestreo, aliasing, filtrado digital del ruido
&& Diseño de sistemas de control en tiempo discreto con métodos convencionales
"
IEE0802,"
& Alternador sincrónico
&& Principio de funcionamiento
&& Construcción de las partes principales
&& Tipos de rotor
&& Sistemas de control de máquinas sincrónicas
&& Excitación de alternadores (con escobillas, sin escobillas)
&& Principios de funcionamiento y curva de magnetización
&& Modelo en régimen permanente y diagramas fasoriales
&& Ecuaciones para modelado
&& Inductancias propias de la máquina sincrónica
&& Transformación de Park
&& Diagramas fasoriales
&& Ecuaciones de potencia activa y reactiva
&& Límites de estabilidad
&& Sistema p.u. de la máquina sincrónica
&& Alternador en funcionamiento aislado
&& Regulación de tensión y factor de potencia
&& Saturación de la máquina sincrónica
&& Características de saturación de circuito abierto
&& Características de saturación del entrehierro y cortocircuito
&& Pérdidas eléctricas, mecánicas, magnéticas y eficiencia
&& Modelado de saturación en sistemas de potencia (S1.0 y S1.2)
&& Curva de capacidad de la máquina
&& Generadores operando en paralelo de forma aislada
&& Generador en funcionamiento en una red de potencia infinita
&& Análisis de generadores considerando: efecto del gobernador y efecto de la excitación
&& Operación del generador conectada a una barra infinita
& Motor Sincrónico
&& Principio de funcionamiento
&& Modelo en régimen permanente y diagramas fasoriales
&& Par desarrollado
&& Curvas V y control del factor de potencia
&& Pérdidas eléctricas, mecánicas, magnéticas y eficiencia
&& Datos de placa
&& Condensador sincrónico
& Máquinas de corriente directa
&& Principio de funcionamiento
&& Partes constructivas (estator, rotor, colector, escobillas, etc.)
&& Modelo matemático de flujos y corrientes de devanados
&& Tensión inducida en una espira giratoria
&& Par inducido por una espira giratoria
&& El proceso de conmutación
&& Problemas de conmutación
&& Desplazamiento de escobillas, interpolos y devanados de compensación
& Generador de corriente directa
&& Construcción
&& Principio de funcionamiento
&& Generación en una espira
&& Generación en una armadura
&& Conmutación
&& Reacción de armadura
&& Métodos para disminuir la reacción de armadura
&& Desplazamiento de escobillas
&& Polos de conmutación
&& Bobinados de compensación
&& Método de excitación de campo
&& Generador excitación independiente
&& Características
&& Generador auto excitadas
&& Conexión shunt
&& Conexión serie
&& Conexión compuesto-acumulativa
&& Conexión compuesto-diferencial
&& Eficiencia
&& Datos de placa
&& Escobillas
& Motores de corriente directa
&& Principio de funcionamiento
&& Producción de par y circuito equivalente
&& Motor excitación independiente
&& Motor excitación paralela (Shunt)
&& Motor excitación serie
&& Motor excitación compuesta acumulativa
&& Motor excitación compuesta diferencial
&& Eficiencia
&& Control de velocidad
&& Datos de placa
& Maquinas eléctricas especiales
&& Motor universal
&& Servomotores
&& Motor a pasos
&& Motores lineales
& Fundamentos y convertidores de electrónica de potencia
&& Introducción a la electrónica de potencia y su importancia en la conversión de energía
&& Principio de funcionamiento y aplicaciones de variadores de velocidad
&& Convertidores AC/DC (rectificadores): funcionamiento, tipos y aplicaciones
&& Convertidores DC/DC (choppers): clasificación, regulación de tensión y aplicaciones
& Convertidores avanzados y aplicaciones
&& Convertidores DC/AC (inversores): tipos, control y aplicaciones en energías renovables
&& Convertidores AC/AC: cicloconvertidores y reguladores de tensión
&& Selección y análisis de dispositivos de conmutación en convertidores de potencia
&& Aplicaciones prácticas y tendencias en electrónica de potencia
"
INS0801,"
& Introducción
&& Introducción al análisis de los sistemas eléctricos de potencia
&& Perspectivas generales de los sistemas de transmisión y distribución de energía eléctrica 
&& Desafíos y oportunidades
& Elementos de modelado de sistemas eléctricos de potencia
&& Centrales eléctricas 
&& Generador sincrónico: modelo y parámetros
&& Transformador de potencia: modelo y parámetros
&& Elementos de compensación de potencia reactiva
&& Subestaciones eléctricas
&& Cargas estáticas y dinámicas
&& Sistema p.u.
& Elementos estáticos de las redes eléctricas
&& Líneas aéreas
&& Líneas subterráneas
&& Resistencia, inductancia, capacitancia y conductancia de la línea de transmisión.
&& Modelado de la línea de transmisión 
& Modelado de las líneas de transmisión
&& Modelo de la línea corta
&& Modelo de la línea media
&& Modelo de la línea larga
& Modelado de componentes de los sistemas de distribución
&& Líneas eléctricas aéreas y subterráneas
&& Transformadores 
&& Demanda 
&& Generación distribuida e inversores 
&& Sistemas de almacenamiento 
&& Vehículos eléctricos  
& Métodos de análsis de flujos de potencia
&& Planteamiento del problema de flujo de potencia
&& Aplicación de Gauss Seidel
&& Aplicación de Newton Rapson
&& Aplicación de Desacoplado rápido
&& Aplicación de Flujo de potencia DC
&& Reconocimiento y programación en software de simulación
& Análisis de fallas y estudio de cortocircuito
&& Planteamiento del problema de cortocircuito
&& Componentes simétricos 
&& Síntesis de vectores desequilibrados a partir de componentes simétricos
&& Operadores, componentes simétricos de vectores asimétricos
&& Potencia en función de los componentes simétricos
&& Impedancias de secuencia y redes de secuencia
&& Fallas no simétricas 
&& Análisis de fallas monofásicas, bifásicas y trifásicas
&& Interpretación de las redes de secuencia interconectadas
&& Análisis de fallas asimétricas utilizando la matriz de impedancias de barras
& Operación de sistemas de redes inteligentes de distribución
&& Sistemas avanzados para la gestión de la distribución 
&& Flujos de potencia y el estimador de estados 
&& Control de tensión y potencia reactiva 
&& Análisis de cortocircuito simétrico y asimétrico
&& Esquemas de protección y gestión de fallas
&& Coordinación de recursos energéticos distribuidos
&& Coordinación operativa entre transmisión y distribución
& Análisis de condiciones anormales en la red
&& Sobretensiones por descargas atmosféricas 
&& Origen de las descargas atmosféricas
&& Variaciones del campo eléctrico y formación de rayos
&& Pararrayos y zonas de protección, y modelo electro-geométrico
&& Parámetros eléctricos de las descargas y energía descargada
&& Blindaje
&& Sobretensiones por maniobra
&& Sobretensiones temporales y sobretensiones de frente lento
&& Sobretensiones de frente rápido y sobretensiones de frente muy rápido
&& Mecanismos de protección y perturbaciones de baja frecuencia
&& Perturbaciones de alta frecuencia y problemas por baja tensión
& Conceptos y aplicaciones de las redes inteligentes
&& Comunicaciones eléctricas y ciberseguridad  
&& Manejo de demanda dinámica y medidores inteligentes 
&& Automatización de sistemas de distribución 
&& Sistemas de almacenamiento y electrónica de potencia
"
SCF0801,"
& Introducción a la Ingeniería de Sistemas
&& Conceptos fundamentales de la ingeniería de sistemas
&& Ciclo de vida del desarrollo de sistemas
&& Enfoque sistémico y pensamiento complejo en la resolución de problemas
& Trabajo colaborativo en equipos multidisciplinarios
&& Definición de roles
&& Estrategias de trabajo en equipos multidisciplinarios
&& Gestión de la información y la toma de decisiones
&& Planificación del trabajo y gestión de tareas
&& Control de versiones
& Definición y análisis de requisitos
&& Identificación de interesados y sus expectativas
&& Técnicas para la recopilación y análisis de requisitos
&& Diferentes niveles de requisitos y su relación con la arquitectura del sistema
&& Modelado de requisitos y especificaciones funcionales
& Diseño de la arquitectura 
&& Principios y enfoques para el diseño de la arquitectura del sistema
&& Metodologías de evaluación de configuraciones del sistema (trade-off)
&& Gestión de interfaces y compatibilidad de sistemas
&& Estrategias para la integración de subsistemas en un sistema coherente
& Modelado, simulación y verificación del Diseño
&& Métodos de modelado para la representación de sistemas
&& Desarrollo de representaciones funcionales del sistema
&& Evaluación de desempeño y optimización de sistemas
&& Análisis de sensibilidad y pruebas iterativas en entornos virtuales
&& Verificación del sistema en escenarios simulados
&& Validación de requisitos
"